Date,home_team_name,away_team_name
2014-07-01,FC Santa Coloma,Banants
2014-07-01,La Fiorita,Levadia
2014-07-02,Lincoln Red Imps,HB
2014-07-08,Banants,FC Santa Coloma
2014-07-08,HB,Lincoln Red Imps
2014-07-08,Levadia,La Fiorita
2014-07-15,Cliftonville,Debreceni VSC
2014-07-15,KR Reykjavik,Celtic FC
2014-07-15,BATE Borisov,Skenderbeu Korce
2014-07-15,Dinamo Zagreb,FK Zalgiris Vilnius
2014-07-15,FC Santa Coloma,Maccabi Tel Aviv
2014-07-15,Rabotnicki,HJK Helsinki
2014-07-15,HSK Zrinjski Mostar,NK Maribor
2014-07-15,Sparta Praha,Levadia
2014-07-15,Valletta,Qarabag FK
2014-07-15,Sheriff Tiraspol,Sutjeska Niksic
2014-07-15,Partizan Belgrade,HB
2014-07-15,SK Slovan Bratislava,The New Saints
2014-07-16,Dinamo Tbilisi,Aktobe
2014-07-16,PFC Ludogorets Razgrad,F91 Dudelange
2014-07-16,Legia Warsaw,St Patrick's Athletic
2014-07-16,Malmo FF,Ventspils
2014-07-16,Stromsgodset IF,Steaua Bucuresti
2014-07-22,Debreceni VSC,Cliftonville
2014-07-22,Celtic FC,KR Reykjavik
2014-07-22,Skenderbeu Korce,BATE Borisov
2014-07-22,FK Zalgiris Vilnius,Dinamo Zagreb
2014-07-22,HB,Partizan Belgrade
2014-07-22,Maccabi Tel Aviv,FC Santa Coloma
2014-07-22,Levadia,Sparta Praha
2014-07-22,Qarabag FK,Valletta
2014-07-22,Sutjeska Niksic,Sheriff Tiraspol
2014-07-22,The New Saints,SK Slovan Bratislava
2014-07-22,F91 Dudelange,PFC Ludogorets Razgrad
2014-07-23,Aktobe,Dinamo Tbilisi
2014-07-23,HJK Helsinki,Rabotnicki
2014-07-23,NK Maribor,HSK Zrinjski Mostar
2014-07-23,St Patrick's Athletic,Legia Warsaw
2014-07-23,Steaua Bucuresti,Stromsgodset IF
2014-07-23,Ventspils,Malmo FF
2014-07-29,Sparta Praha,Malmo FF
2014-07-29,Debreceni VSC,BATE Borisov
2014-07-29,SK Slovan Bratislava,Sheriff Tiraspol
2014-07-30,Aalborg BK,Dinamo Zagreb
2014-07-30,Legia Warsaw,Celtic FC
2014-07-30,AEL Limassol,Zenit St. Petersburg
2014-07-30,Aktobe,Steaua Bucuresti
2014-07-30,HJK Helsinki,APOEL Nikosia
2014-07-30,Feyenoord,Beşiktaş İstanbul JK
2014-07-30,Dnepr Dnepropetrovsk,Kobenhavn
2014-07-30,Grasshoppers Zurich,Lille OSC
2014-07-30,NK Maribor,Maccabi Tel Aviv
2014-07-30,Standard Liege,Panathinaikos FC
2014-07-30,Qarabag FK,FC RB Salzburg
2014-07-30,PFC Ludogorets Razgrad,Partizan Belgrade
2014-08-05,BATE Borisov,Debreceni VSC
2014-08-05,Lille OSC,Grasshoppers Zurich
2014-08-05,Maccabi Tel Aviv,NK Maribor
2014-08-05,Panathinaikos FC,Standard Liege
2014-08-06,Zenit St. Petersburg,AEL Limassol
2014-08-06,Malmo FF,Sparta Praha
2014-08-06,Dinamo Zagreb,Aalborg BK
2014-08-06,Celtic FC,Legia Warsaw
2014-08-06,Steaua Bucuresti,Aktobe
2014-08-06,APOEL Nikosia,HJK Helsinki
2014-08-06,Beşiktaş İstanbul JK,Feyenoord
2014-08-06,Kobenhavn,Dnepr Dnepropetrovsk
2014-08-06,FC RB Salzburg,Qarabag FK
2014-08-06,Sheriff Tiraspol,SK Slovan Bratislava
2014-08-06,Partizan Belgrade,PFC Ludogorets Razgrad
2014-08-19,Steaua Bucuresti,PFC Ludogorets Razgrad
2014-08-19,Beşiktaş İstanbul JK,Arsenal
2014-08-19,Napoli,Ath Bilbao
2014-08-19,Kobenhavn,Leverkusen
2014-08-19,FC RB Salzburg,Malmo FF
2014-08-20,Aalborg BK,APOEL Nikosia
2014-08-20,SK Slovan Bratislava,BATE Borisov
2014-08-20,Standard Liege,Zenit St. Petersburg
2014-08-20,Lille OSC,Porto
2014-08-20,NK Maribor,Celtic FC
2014-08-26,APOEL Nikosia,Aalborg BK
2014-08-26,BATE Borisov,SK Slovan Bratislava
2014-08-26,Zenit St. Petersburg,Standard Liege
2014-08-26,Porto,Lille OSC
2014-08-26,Celtic FC,NK Maribor
2014-08-27,PFC Ludogorets Razgrad,Steaua Bucuresti
2014-08-27,Arsenal,Beşiktaş İstanbul JK
2014-08-27,Ath Bilbao,Napoli
2014-08-27,Malmo FF,FC RB Salzburg
2014-08-27,Leverkusen,Kobenhavn
2014-09-16,Olympiacos,Ath Madrid
2014-09-16,Juventus,Malmo FF
2014-09-16,Liverpool,PFC Ludogorets Razgrad
2014-09-16,Real Madrid,Basel
2014-09-16,AS Monaco,Leverkusen
2014-09-16,Benfica,Zenit St. Petersburg
2014-09-16,Galatasaray İstanbul AŞ,RSC Anderlecht
2014-09-16,Dortmund,Arsenal
2014-09-17,Bayern Munich,Man City
2014-09-17,Roma,CSKA Moskva
2014-09-17,Barcelona,APOEL Nikosia
2014-09-17,Ajax,Paris Saint-Germain
2014-09-17,NK Maribor,Sp Lisbon
2014-09-17,Chelsea,Schalke 04
2014-09-17,Ath Bilbao,Shakhtar Donetsk
2014-09-17,Porto,BATE Borisov
2014-09-30,Man City,Roma
2014-09-30,CSKA Moskva,Bayern Munich
2014-09-30,Paris Saint-Germain,Barcelona
2014-09-30,APOEL Nikosia,Ajax
2014-09-30,Schalke 04,NK Maribor
2014-09-30,Sp Lisbon,Chelsea
2014-09-30,BATE Borisov,Ath Bilbao
2014-09-30,Shakhtar Donetsk,Porto
2014-10-01,Ath Madrid,Juventus
2014-10-01,Malmo FF,Olympiacos
2014-10-01,PFC Ludogorets Razgrad,Real Madrid
2014-10-01,Basel,Liverpool
2014-10-01,Zenit St. Petersburg,AS Monaco
2014-10-01,Leverkusen,Benfica
2014-10-01,Arsenal,Galatasaray İstanbul AŞ
2014-10-01,RSC Anderlecht,Dortmund
2014-10-21,CSKA Moskva,Man City
2014-10-21,Roma,Bayern Munich
2014-10-21,APOEL Nikosia,Paris Saint-Germain
2014-10-21,Barcelona,Ajax
2014-10-21,Schalke 04,Sp Lisbon
2014-10-21,Chelsea,NK Maribor
2014-10-21,Porto,Ath Bilbao
2014-10-21,BATE Borisov,Shakhtar Donetsk
2014-10-22,Olympiacos,Juventus
2014-10-22,Ath Madrid,Malmo FF
2014-10-22,PFC Ludogorets Razgrad,Basel
2014-10-22,Liverpool,Real Madrid
2014-10-22,Leverkusen,Zenit St. Petersburg
2014-10-22,AS Monaco,Benfica
2014-10-22,RSC Anderlecht,Arsenal
2014-10-22,Galatasaray İstanbul AŞ,Dortmund
2014-11-04,Juventus,Olympiacos
2014-11-04,Malmo FF,Ath Madrid
2014-11-04,Real Madrid,Liverpool
2014-11-04,Basel,PFC Ludogorets Razgrad
2014-11-04,Zenit St. Petersburg,Leverkusen
2014-11-04,Benfica,AS Monaco
2014-11-04,Dortmund,Galatasaray İstanbul AŞ
2014-11-04,Arsenal,RSC Anderlecht
2014-11-05,Bayern Munich,Roma
2014-11-05,Man City,CSKA Moskva
2014-11-05,Ajax,Barcelona
2014-11-05,Paris Saint-Germain,APOEL Nikosia
2014-11-05,Sp Lisbon,Schalke 04
2014-11-05,NK Maribor,Chelsea
2014-11-05,Shakhtar Donetsk,BATE Borisov
2014-11-05,Ath Bilbao,Porto
2014-11-25,Man City,Bayern Munich
2014-11-25,CSKA Moskva,Roma
2014-11-25,APOEL Nikosia,Barcelona
2014-11-25,Paris Saint-Germain,Ajax
2014-11-25,Sp Lisbon,NK Maribor
2014-11-25,Schalke 04,Chelsea
2014-11-25,BATE Borisov,Porto
2014-11-25,Shakhtar Donetsk,Ath Bilbao
2014-11-26,Malmo FF,Juventus
2014-11-26,Ath Madrid,Olympiacos
2014-11-26,Basel,Real Madrid
2014-11-26,PFC Ludogorets Razgrad,Liverpool
2014-11-26,Zenit St. Petersburg,Benfica
2014-11-26,Leverkusen,AS Monaco
2014-11-26,RSC Anderlecht,Galatasaray İstanbul AŞ
2014-11-26,Arsenal,Dortmund
2014-12-09,Olympiacos,Malmo FF
2014-12-09,Juventus,Ath Madrid
2014-12-09,Liverpool,Basel
2014-12-09,Real Madrid,PFC Ludogorets Razgrad
2014-12-09,Benfica,Leverkusen
2014-12-09,AS Monaco,Zenit St. Petersburg
2014-12-09,Galatasaray İstanbul AŞ,Arsenal
2014-12-09,Dortmund,RSC Anderlecht
2014-12-10,Roma,Man City
2014-12-10,Bayern Munich,CSKA Moskva
2014-12-10,Barcelona,Paris Saint-Germain
2014-12-10,Ajax,APOEL Nikosia
2014-12-10,Chelsea,Sp Lisbon
2014-12-10,NK Maribor,Schalke 04
2014-12-10,Porto,Shakhtar Donetsk
2014-12-10,Ath Bilbao,BATE Borisov
2015-02-17,Paris Saint-Germain,Chelsea
2015-02-17,Shakhtar Donetsk,Bayern Munich
2015-02-18,Basel,Porto
2015-02-18,Schalke 04,Real Madrid
2015-02-24,Man City,Barcelona
2015-02-24,Juventus,Dortmund
2015-02-25,Arsenal,AS Monaco
2015-02-25,Leverkusen,Ath Madrid
2015-03-10,Porto,Basel
2015-03-10,Real Madrid,Schalke 04
2015-03-11,Bayern Munich,Shakhtar Donetsk
2015-03-11,Chelsea,Paris Saint-Germain
2015-03-17,Ath Madrid,Leverkusen
2015-03-17,AS Monaco,Arsenal
2015-03-18,Barcelona,Man City
2015-03-18,Dortmund,Juventus
2015-04-14,Ath Madrid,Real Madrid
2015-04-14,Juventus,AS Monaco
2015-04-15,Porto,Bayern Munich
2015-04-15,Paris Saint-Germain,Barcelona
2015-04-21,Barcelona,Paris Saint-Germain
2015-04-21,Bayern Munich,Porto
2015-04-22,AS Monaco,Juventus
2015-04-22,Real Madrid,Ath Madrid
2015-05-05,Juventus,Real Madrid
2015-05-06,Barcelona,Bayern Munich
2015-05-12,Bayern Munich,Barcelona
2015-05-13,Real Madrid,Juventus
2015-06-06,Barcelona,Juventus
2017-06-27,Alashkert,FC Santa Coloma
2017-06-27,Vikingur Gota,Trepça'89
2017-06-27,Hibernians,FCI Tallinn
2017-06-27,The New Saints,Europa Fc
2017-06-28,Linfield,La Fiorita
2017-07-04,Trepça'89,Vikingur Gota
2017-07-04,FCI Tallinn,Hibernians
2017-07-04,Europa Fc,The New Saints
2017-07-04,FC Santa Coloma,Alashkert
2017-07-04,La Fiorita,Linfield
2017-07-11,Qarabag,Samtredia
2017-07-11,Hibernians,Red Bull Salzburg
2017-07-11,HNK Rijeka,The New Saints
2017-07-11,FK Partizan,Buducnost Podgorica
2017-07-12,Spartaks Jurmala,FC Astana
2017-07-12,Malmo FF,Vardar Skopje
2017-07-12,Apoel Nicosia,F91 Dudelange
2017-07-12,Sheriff Tiraspol,FK Kukesi
2017-07-12,Zrinjski,Maribor
2017-07-12,Hapoel Beer Sheva,Budapest Honved
2017-07-12,Bate Borisov,Alashkert
2017-07-12,FK Zalgiris Vilnius,Ludogorets
2017-07-12,IFK Mariehamn,Legia Warszawa
2017-07-12,Žilina,FC Copenhagen
2017-07-12,Dundalk,Rosenborg
2017-07-12,FH hafnarfjordur,Vikingur Gota
2017-07-14,Linfield,Celtic
2017-07-18,FC Astana,Spartaks Jurmala
2017-07-18,Vardar Skopje,Malmo FF
2017-07-18,Alashkert,Bate Borisov
2017-07-18,Samtredia,Qarabag
2017-07-18,The New Saints,HNK Rijeka
2017-07-18,Vikingur Gota,FH hafnarfjordur
2017-07-18,Buducnost Podgorica,FK Partizan
2017-07-19,F91 Dudelange,Apoel Nicosia
2017-07-19,Rosenborg,Dundalk
2017-07-19,FK Kukesi,Sheriff Tiraspol
2017-07-19,FC Copenhagen,Žilina
2017-07-19,Ludogorets,FK Zalgiris Vilnius
2017-07-19,Maribor,Zrinjski
2017-07-19,Red Bull Salzburg,Hibernians
2017-07-19,Legia Warszawa,IFK Mariehamn
2017-07-19,Celtic,Linfield
2017-07-19,Budapest Honved,Hapoel Beer Sheva
2017-07-25,Qarabag,Sheriff Tiraspol
2017-07-25,Slavia Praha,Bate Borisov
2017-07-25,AEK Athens FC,CSKA Moscow
2017-07-25,FCSB,Plzen
2017-07-25,Vardar Skopje,FC Copenhagen
2017-07-25,FK Partizan,Olympiakos Piraeus
2017-07-26,FC Astana,Legia Warszawa
2017-07-26,Dynamo Kyiv,BSC Young Boys
2017-07-26,Red Bull Salzburg,HNK Rijeka
2017-07-26,Hapoel Beer Sheva,Ludogorets
2017-07-26,Viitorul Constanta,Apoel Nicosia
2017-07-26,Maribor,FH hafnarfjordur
2017-07-26,Nice,Ajax
2017-07-26,Celtic,Rosenborg
2017-07-26,Club Brugge KV,Istanbul Basaksehir
2017-08-01,Sheriff Tiraspol,Qarabag
2017-08-02,Bate Borisov,Slavia Praha
2017-08-02,CSKA Moscow,AEK Athens FC
2017-08-02,Apoel Nicosia,Viitorul Constanta
2017-08-02,Istanbul Basaksehir,Club Brugge KV
2017-08-02,FC Copenhagen,Vardar Skopje
2017-08-02,Plzen,FCSB
2017-08-02,BSC Young Boys,Dynamo Kyiv
2017-08-02,Ludogorets,Hapoel Beer Sheva
2017-08-02,FH hafnarfjordur,Maribor
2017-08-02,Olympiakos Piraeus,FK Partizan
2017-08-02,Legia Warszawa,FC Astana
2017-08-02,HNK Rijeka,Red Bull Salzburg
2017-08-02,Ajax,Nice
2017-08-02,Rosenborg,Celtic
2017-08-15,Qarabag,FC Copenhagen
2017-08-15,Apoel Nicosia,Slavia Praha
2017-08-15,BSC Young Boys,CSKA Moscow
2017-08-15,Hoffenheim,Liverpool
2017-08-15,Sp Lisbon,FCSB
2017-08-16,Celtic,FC Astana
2017-08-16,Olympiakos Piraeus,HNK Rijeka
2017-08-16,Hapoel Beer Sheva,Maribor
2017-08-16,Istanbul Basaksehir,Sevilla
2017-08-16,Napoli,Nice
2017-08-22,FC Astana,Celtic
2017-08-22,HNK Rijeka,Olympiakos Piraeus
2017-08-22,Maribor,Hapoel Beer Sheva
2017-08-22,Sevilla,Istanbul Basaksehir
2017-08-22,Nice,Napoli
2017-08-23,FC Copenhagen,Qarabag
2017-08-23,Slavia Praha,Apoel Nicosia
2017-08-23,CSKA Moscow,BSC Young Boys
2017-08-23,Liverpool,Hoffenheim
2017-08-23,FCSB,Sp Lisbon
2017-09-12,Benfica,CSKA Moscow
2017-09-12,Man United,FC Basel 1893
2017-09-12,Bayern Munich,Anderlecht
2017-09-12,Celtic,Paris Saint Germain
2017-09-12,Chelsea,Qarabag
2017-09-12,Roma,Ath Madrid
2017-09-12,Barcelona,Juventus
2017-09-12,Olympiakos Piraeus,Sp Lisbon
2017-09-13,Maribor,Spartak Moscow
2017-09-13,Liverpool,Sevilla
2017-09-13,Feyenoord,Man City
2017-09-13,Shakhtar Donetsk,Napoli
2017-09-13,RB Leipzig,Monaco
2017-09-13,Porto,Besiktas
2017-09-13,Real Madrid,Apoel Nicosia
2017-09-13,Tottenham,Dortmund
2017-09-26,Sevilla,Maribor
2017-09-26,Spartak Moscow,Liverpool
2017-09-26,Napoli,Feyenoord
2017-09-26,Man City,Shakhtar Donetsk
2017-09-26,Besiktas,RB Leipzig
2017-09-26,Monaco,Porto
2017-09-26,Dortmund,Real Madrid
2017-09-26,Apoel Nicosia,Tottenham
2017-09-27,Qarabag,Roma
2017-09-27,FC Basel 1893,Benfica
2017-09-27,CSKA Moscow,Man United
2017-09-27,Paris Saint Germain,Bayern Munich
2017-09-27,Anderlecht,Celtic
2017-09-27,Ath Madrid,Chelsea
2017-09-27,Sp Lisbon,Barcelona
2017-09-27,Juventus,Olympiakos Piraeus
2017-10-17,Spartak Moscow,Sevilla
2017-10-17,Maribor,Liverpool
2017-10-17,Man City,Napoli
2017-10-17,Feyenoord,Shakhtar Donetsk
2017-10-17,Monaco,Besiktas
2017-10-17,RB Leipzig,Porto
2017-10-17,Apoel Nicosia,Dortmund
2017-10-17,Real Madrid,Tottenham
2017-10-18,Qarabag,Ath Madrid
2017-10-18,Barcelona,Olympiakos Piraeus
2017-10-18,CSKA Moscow,FC Basel 1893
2017-10-18,Benfica,Man United
2017-10-18,Anderlecht,Paris Saint Germain
2017-10-18,Bayern Munich,Celtic
2017-10-18,Chelsea,Roma
2017-10-18,Juventus,Sp Lisbon
2017-10-31,FC Basel 1893,CSKA Moscow
2017-10-31,Man United,Benfica
2017-10-31,Paris Saint Germain,Anderlecht
2017-10-31,Celtic,Bayern Munich
2017-10-31,Ath Madrid,Qarabag
2017-10-31,Roma,Chelsea
2017-10-31,Sp Lisbon,Juventus
2017-10-31,Olympiakos Piraeus,Barcelona
2017-11-01,Besiktas,Monaco
2017-11-01,Sevilla,Spartak Moscow
2017-11-01,Liverpool,Maribor
2017-11-01,Napoli,Man City
2017-11-01,Shakhtar Donetsk,Feyenoord
2017-11-01,Porto,RB Leipzig
2017-11-01,Dortmund,Apoel Nicosia
2017-11-01,Tottenham,Real Madrid
2017-11-21,Spartak Moscow,Maribor
2017-11-21,Besiktas,Porto
2017-11-21,Sevilla,Liverpool
2017-11-21,Man City,Feyenoord
2017-11-21,Napoli,Shakhtar Donetsk
2017-11-21,Monaco,RB Leipzig
2017-11-21,Apoel Nicosia,Real Madrid
2017-11-21,Dortmund,Tottenham
2017-11-22,CSKA Moscow,Benfica
2017-11-22,Qarabag,Chelsea
2017-11-22,FC Basel 1893,Man United
2017-11-22,Anderlecht,Bayern Munich
2017-11-22,Paris Saint Germain,Celtic
2017-11-22,Ath Madrid,Roma
2017-11-22,Juventus,Barcelona
2017-11-22,Sp Lisbon,Olympiakos Piraeus
2017-12-05,Benfica,FC Basel 1893
2017-12-05,Man United,CSKA Moscow
2017-12-05,Bayern Munich,Paris Saint Germain
2017-12-05,Celtic,Anderlecht
2017-12-05,Chelsea,Ath Madrid
2017-12-05,Roma,Qarabag
2017-12-05,Barcelona,Sp Lisbon
2017-12-05,Olympiakos Piraeus,Juventus
2017-12-06,Maribor,Sevilla
2017-12-06,Liverpool,Spartak Moscow
2017-12-06,Feyenoord,Napoli
2017-12-06,Shakhtar Donetsk,Man City
2017-12-06,RB Leipzig,Besiktas
2017-12-06,Porto,Monaco
2017-12-06,Real Madrid,Dortmund
2017-12-06,Tottenham,Apoel Nicosia
2018-02-13,Juventus,Tottenham
2018-02-13,FC Basel 1893,Man City
2018-02-14,Porto,Liverpool
2018-02-14,Real Madrid,Paris Saint Germain
2018-02-20,Bayern Munich,Besiktas
2018-02-20,Chelsea,Barcelona
2018-02-21,Sevilla,Man United
2018-02-21,Shakhtar Donetsk,Roma
2018-03-06,Liverpool,Porto
2018-03-06,Paris Saint Germain,Real Madrid
2018-03-07,Tottenham,Juventus
2018-03-07,Man City,FC Basel 1893
2018-03-13,Man United,Sevilla
2018-03-13,Roma,Shakhtar Donetsk
2018-03-14,Besiktas,Bayern Munich
2018-03-14,Barcelona,Chelsea
2018-04-03,Sevilla,Bayern Munich
2018-04-03,Juventus,Real Madrid
2018-04-04,Barcelona,Roma
2018-04-04,Liverpool,Man City
2018-04-10,Roma,Barcelona
2018-04-10,Man City,Liverpool
2018-04-11,Bayern Munich,Sevilla
2018-04-11,Real Madrid,Juventus
2018-04-24,Liverpool,Roma
2018-04-25,Bayern Munich,Real Madrid
2018-05-01,Real Madrid,Bayern Munich
2018-05-02,Roma,Liverpool
2018-05-26,Real Madrid,Liverpool
2016-06-28,Flora Tallinn,Lincoln Red Imps FC
2016-06-28,Valletta FC,B36 Torshavn
2016-06-28,FC Santa Coloma,Alashkert
2016-06-28,The New Saints,Tre Penne
2016-07-05,Alashkert,FC Santa Coloma
2016-07-05,B36 Torshavn,Valletta FC
2016-07-05,Tre Penne,The New Saints
2016-07-06,Lincoln Red Imps FC,Flora Tallinn
2016-07-12,Zrinjski,Legia Warszawa
2016-07-12,Dinamo Tbilisi,Alashkert
2016-07-12,Qarabag,F91 Dudelange
2016-07-12,Hapoel Beer Sheva,Sheriff Tiraspol
2016-07-12,The New Saints,Apoel Nicosia
2016-07-12,Bate Borisov,SJK
2016-07-12,Valletta FC,FK Crvena Zvezda
2016-07-12,Lincoln Red Imps FC,Celtic
2016-07-12,Red Bull Salzburg,FK Liepaja
2016-07-12,Vardar Skopje,Dinamo Zagreb
2016-07-13,FK Zalgiris Vilnius,FC Astana
2016-07-13,Rosenborg,IFK Norrkoping
2016-07-13,Ludogorets,FK Mladost Podgorica
2016-07-13,Crusaders FC,FC Copenhagen
2016-07-13,Partizani,Ferencvarosi TC
2016-07-13,Olimpija Ljubljana,AS Trencin
2016-07-13,Dundalk,FH hafnarfjordur
2016-07-19,Alashkert,Dinamo Tbilisi
2016-07-19,FK Liepaja,Red Bull Salzburg
2016-07-19,Sheriff Tiraspol,Hapoel Beer Sheva
2016-07-19,Apoel Nicosia,The New Saints
2016-07-19,SJK,Bate Borisov
2016-07-19,FC Copenhagen,Crusaders FC
2016-07-19,FK Crvena Zvezda,Valletta FC
2016-07-19,Legia Warszawa,Zrinjski
2016-07-19,FK Mladost Podgorica,Ludogorets
2016-07-20,FC Astana,FK Zalgiris Vilnius
2016-07-20,F91 Dudelange,Qarabag
2016-07-20,IFK Norrkoping,Rosenborg
2016-07-20,Ferencvarosi TC,Partizani
2016-07-20,AS Trencin,Olimpija Ljubljana
2016-07-20,Celtic,Lincoln Red Imps FC
2016-07-20,Dinamo Zagreb,Vardar Skopje
2016-07-20,FH hafnarfjordur,Dundalk
2016-07-26,Ludogorets,FK Crvena Zvezda
2016-07-26,Bate Borisov,Dundalk
2016-07-26,Sparta Praha,FCSB
2016-07-26,Plzen,Qarabag
2016-07-26,Partizani,Red Bull Salzburg
2016-07-26,FC Rostov,Anderlecht
2016-07-26,Dinamo Zagreb,Dinamo Tbilisi
2016-07-26,Shakhtar Donetsk,BSC Young Boys
2016-07-26,Ajax,PAOK
2016-07-27,FC Astana,Celtic
2016-07-27,Rosenborg,Apoel Nicosia
2016-07-27,FC Astra Giurgiu,FC Copenhagen
2016-07-27,AS Trencin,Legia Warszawa
2016-07-27,Fenerbahce,Monaco
2016-07-27,Olympiakos Piraeus,Hapoel Beer Sheva
2016-08-02,Qarabag,Plzen
2016-08-02,Dinamo Tbilisi,Dinamo Zagreb
2016-08-02,Apoel Nicosia,Rosenborg
2016-08-02,FK Crvena Zvezda,Ludogorets
2016-08-02,Dundalk,Bate Borisov
2016-08-03,FCSB,Sparta Praha
2016-08-03,FC Copenhagen,FC Astra Giurgiu
2016-08-03,Hapoel Beer Sheva,Olympiakos Piraeus
2016-08-03,BSC Young Boys,Shakhtar Donetsk
2016-08-03,Red Bull Salzburg,Partizani
2016-08-03,PAOK,Ajax
2016-08-03,Anderlecht,FC Rostov
2016-08-03,Celtic,FC Astana
2016-08-03,Legia Warszawa,AS Trencin
2016-08-03,Monaco,Fenerbahce
2016-08-16,FC Copenhagen,Apoel Nicosia
2016-08-16,Dinamo Zagreb,Red Bull Salzburg
2016-08-16,FCSB,Man City
2016-08-16,Ajax,FC Rostov
2016-08-16,BSC Young Boys,M'gladbach
2016-08-17,Ludogorets,Plzen
2016-08-17,Celtic,Hapoel Beer Sheva
2016-08-17,Dundalk,Legia Warszawa
2016-08-17,Porto,Roma
2016-08-17,Villarreal,Monaco
2016-08-23,Plzen,Ludogorets
2016-08-23,Hapoel Beer Sheva,Celtic
2016-08-23,Legia Warszawa,Dundalk
2016-08-23,Roma,Porto
2016-08-23,Monaco,Villarreal
2016-08-24,Apoel Nicosia,FC Copenhagen
2016-08-24,Red Bull Salzburg,Dinamo Zagreb
2016-08-24,Man City,FCSB
2016-08-24,FC Rostov,Ajax
2016-08-24,M'gladbach,BSC Young Boys
2016-09-13,Paris Saint Germain,Arsenal
2016-09-13,FC Basel 1893,Ludogorets
2016-09-13,Dynamo Kyiv,Napoli
2016-09-13,Benfica,Besiktas
2016-09-13,Barcelona,Celtic
2016-09-13,Bayern Munich,FC Rostov
2016-09-13,PSV Eindhoven,Ath Madrid
2016-09-14,Man City,M'gladbach
2016-09-14,Leverkusen,CSKA Moscow
2016-09-14,Tottenham,Monaco
2016-09-14,Real Madrid,Sp Lisbon
2016-09-14,Legia Warszawa,Dortmund
2016-09-14,Club Brugge KV,Leicester
2016-09-14,Porto,FC Copenhagen
2016-09-14,Lyon,Dinamo Zagreb
2016-09-14,Juventus,Sevilla
2016-09-27,Monaco,Leverkusen
2016-09-27,CSKA Moscow,Tottenham
2016-09-27,Dortmund,Real Madrid
2016-09-27,Sp Lisbon,Legia Warszawa
2016-09-27,FC Copenhagen,Club Brugge KV
2016-09-27,Leicester,Porto
2016-09-27,Sevilla,Lyon
2016-09-27,Dinamo Zagreb,Juventus
2016-09-28,Ludogorets,Paris Saint Germain
2016-09-28,Arsenal,FC Basel 1893
2016-09-28,Besiktas,Dynamo Kyiv
2016-09-28,Napoli,Benfica
2016-09-28,M'gladbach,Barcelona
2016-09-28,Celtic,Man City
2016-09-28,Ath Madrid,Bayern Munich
2016-09-28,FC Rostov,PSV Eindhoven
2016-10-18,CSKA Moscow,Monaco
2016-10-18,Leverkusen,Tottenham
2016-10-18,Sp Lisbon,Dortmund
2016-10-18,Real Madrid,Legia Warszawa
2016-10-18,Leicester,FC Copenhagen
2016-10-18,Club Brugge KV,Porto
2016-10-18,Dinamo Zagreb,Sevilla
2016-10-18,Lyon,Juventus
2016-10-19,Arsenal,Ludogorets
2016-10-19,Paris Saint Germain,FC Basel 1893
2016-10-19,Napoli,Besiktas
2016-10-19,Dynamo Kyiv,Benfica
2016-10-19,Celtic,M'gladbach
2016-10-19,Barcelona,Man City
2016-10-19,FC Rostov,Ath Madrid
2016-10-19,Bayern Munich,PSV Eindhoven
2016-11-01,Besiktas,Napoli
2016-11-01,Ludogorets,Arsenal
2016-11-01,FC Basel 1893,Paris Saint Germain
2016-11-01,Benfica,Dynamo Kyiv
2016-11-01,M'gladbach,Celtic
2016-11-01,Man City,Barcelona
2016-11-01,Ath Madrid,FC Rostov
2016-11-01,PSV Eindhoven,Bayern Munich
2016-11-02,Monaco,CSKA Moscow
2016-11-02,Tottenham,Leverkusen
2016-11-02,Dortmund,Sp Lisbon
2016-11-02,Legia Warszawa,Real Madrid
2016-11-02,FC Copenhagen,Leicester
2016-11-02,Porto,Club Brugge KV
2016-11-02,Sevilla,Dinamo Zagreb
2016-11-02,Juventus,Lyon
2016-11-22,CSKA Moscow,Leverkusen
2016-11-22,Monaco,Tottenham
2016-11-22,Sp Lisbon,Real Madrid
2016-11-22,Dortmund,Legia Warszawa
2016-11-22,Leicester,Club Brugge KV
2016-11-22,FC Copenhagen,Porto
2016-11-22,Dinamo Zagreb,Lyon
2016-11-22,Sevilla,Juventus
2016-11-23,FC Rostov,Bayern Munich
2016-11-23,Besiktas,Benfica
2016-11-23,Arsenal,Paris Saint Germain
2016-11-23,Ludogorets,FC Basel 1893
2016-11-23,Napoli,Dynamo Kyiv
2016-11-23,Celtic,Barcelona
2016-11-23,M'gladbach,Man City
2016-11-23,Ath Madrid,PSV Eindhoven
2016-12-06,Barcelona,M'gladbach
2016-12-06,Man City,Celtic
2016-12-06,Bayern Munich,Ath Madrid
2016-12-06,PSV Eindhoven,FC Rostov
2016-12-06,Paris Saint Germain,Ludogorets
2016-12-06,FC Basel 1893,Arsenal
2016-12-06,Dynamo Kyiv,Besiktas
2016-12-06,Benfica,Napoli
2016-12-07,Leverkusen,Monaco
2016-12-07,Tottenham,CSKA Moscow
2016-12-07,Real Madrid,Dortmund
2016-12-07,Legia Warszawa,Sp Lisbon
2016-12-07,Club Brugge KV,FC Copenhagen
2016-12-07,Porto,Leicester
2016-12-07,Lyon,Sevilla
2016-12-07,Juventus,Dinamo Zagreb
2017-02-14,Benfica,Dortmund
2017-02-14,Paris Saint Germain,Barcelona
2017-02-15,Real Madrid,Napoli
2017-02-15,Bayern Munich,Arsenal
2017-02-21,Man City,Monaco
2017-02-21,Leverkusen,Ath Madrid
2017-02-22,Porto,Juventus
2017-02-22,Sevilla,Leicester
2017-03-07,Napoli,Real Madrid
2017-03-07,Arsenal,Bayern Munich
2017-03-08,Dortmund,Benfica
2017-03-08,Barcelona,Paris Saint Germain
2017-03-14,Juventus,Porto
2017-03-14,Leicester,Sevilla
2017-03-15,Monaco,Man City
2017-03-15,Ath Madrid,Leverkusen
2017-04-11,Juventus,Barcelona
2017-04-12,Dortmund,Monaco
2017-04-12,Ath Madrid,Leicester
2017-04-12,Bayern Munich,Real Madrid
2017-04-18,Leicester,Ath Madrid
2017-04-18,Real Madrid,Bayern Munich
2017-04-19,Barcelona,Juventus
2017-04-19,Monaco,Dortmund
2017-05-02,Real Madrid,Ath Madrid
2017-05-03,Monaco,Juventus
2017-05-09,Juventus,Monaco
2017-05-10,Ath Madrid,Real Madrid
2017-06-03,Juventus,Real Madrid
2018-06-26,FC Santa Coloma,Drita
2018-06-26,La Fiorita,Lincoln Red Imps FC
2018-06-29,Lincoln Red Imps FC,Drita
2018-07-10,Flora Tallinn,Hapoel Beer Sheva
2018-07-10,Torpedo Kutaisi,Sheriff Tiraspol
2018-07-10,Alashkert,Celtic
2018-07-10,F91 Dudelange,Videoton FC
2018-07-10,Vikingur Gota,HJK helsinki
2018-07-10,Shkendija,The New Saints
2018-07-10,Cork City,Legia Warszawa
2018-07-10,Drita,Malmo FF
2018-07-11,FC Astana,Sutjeska
2018-07-11,Spartak Trnava,Zrinjski
2018-07-11,Spartaks Jurmala,FK Crvena Zvezda
2018-07-11,Suduva Marijampole,Apoel Nicosia
2018-07-11,FK Kukesi,Valletta FC
2018-07-11,Ludogorets,Crusaders FC
2018-07-11,Olimpija Ljubljana,Qarabag
2018-07-11,Valur Reykjavik,Rosenborg
2018-07-17,HJK helsinki,Vikingur Gota
2018-07-17,Valletta FC,FK Kukesi
2018-07-17,Apoel Nicosia,Suduva Marijampole
2018-07-17,Hapoel Beer Sheva,Flora Tallinn
2018-07-17,Malmo FF,Drita
2018-07-17,The New Saints,Shkendija
2018-07-17,Videoton FC,F91 Dudelange
2018-07-17,FK Crvena Zvezda,Spartaks Jurmala
2018-07-17,Crusaders FC,Ludogorets
2018-07-17,Legia Warszawa,Cork City
2018-07-18,Zrinjski,Spartak Trnava
2018-07-18,Qarabag,Olimpija Ljubljana
2018-07-18,Sheriff Tiraspol,Torpedo Kutaisi
2018-07-18,Rosenborg,Valur Reykjavik
2018-07-18,Sutjeska,FC Astana
2018-07-18,Celtic,Alashkert
2018-07-24,FC Astana,FC Midtjylland
2018-07-24,CFR 1907 Cluj,Malmo FF
2018-07-24,PAOK,FC Basel 1893
2018-07-24,Dinamo Zagreb,Hapoel Beer Sheva
2018-07-24,Shkendija,Sheriff Tiraspol
2018-07-24,FK Crvena Zvezda,Suduva Marijampole
2018-07-24,Legia Warszawa,Spartak Trnava
2018-07-25,Bate Borisov,HJK helsinki
2018-07-25,FK Kukesi,Qarabag
2018-07-25,Ludogorets,Videoton FC
2018-07-25,Ajax,Sturm Graz
2018-07-25,Celtic,Rosenborg
2018-07-31,Hapoel Beer Sheva,Dinamo Zagreb
2018-07-31,Sheriff Tiraspol,Shkendija
2018-07-31,Spartak Trnava,Legia Warszawa
2018-08-01,HJK helsinki,Bate Borisov
2018-08-01,FC Midtjylland,FC Astana
2018-08-01,Qarabag,FK Kukesi
2018-08-01,Malmo FF,CFR 1907 Cluj
2018-08-01,Suduva Marijampole,FK Crvena Zvezda
2018-08-01,FC Basel 1893,PAOK
2018-08-01,Videoton FC,Ludogorets
2018-08-01,Sturm Graz,Ajax
2018-08-01,Rosenborg,Celtic
2018-08-07,FC Astana,Dinamo Zagreb
2018-08-07,Qarabag,Bate Borisov
2018-08-07,Malmo FF,Videoton FC
2018-08-07,Slavia Praha,Dynamo Kyiv
2018-08-07,Standard Liege,Ajax
2018-08-07,FK Crvena Zvezda,Spartak Trnava
2018-08-07,Benfica,Fenerbahce
2018-08-08,PAOK,Spartak Moscow
2018-08-08,Red Bull Salzburg,Shkendija
2018-08-08,Celtic,AEK Athens FC
2018-08-14,Dynamo Kyiv,Slavia Praha
2018-08-14,Bate Borisov,Qarabag
2018-08-14,Spartak Moscow,PAOK
2018-08-14,AEK Athens FC,Celtic
2018-08-14,Dinamo Zagreb,FC Astana
2018-08-14,Fenerbahce,Benfica
2018-08-14,Videoton FC,Malmo FF
2018-08-14,Shkendija,Red Bull Salzburg
2018-08-14,Ajax,Standard Liege
2018-08-14,Spartak Trnava,FK Crvena Zvezda
2018-08-21,Bate Borisov,PSV Eindhoven
2018-08-21,Benfica,PAOK
2018-08-21,FK Crvena Zvezda,Red Bull Salzburg
2018-08-22,Ajax,Dynamo Kyiv
2018-08-22,BSC Young Boys,Dinamo Zagreb
2018-08-22,Videoton FC,AEK Athens FC
2018-08-28,AEK Athens FC,Videoton FC
2018-08-28,Dinamo Zagreb,BSC Young Boys
2018-08-28,Dynamo Kyiv,Ajax
2018-08-29,PAOK,Benfica
2018-08-29,PSV Eindhoven,Bate Borisov
2018-08-29,Red Bull Salzburg,FK Crvena Zvezda
2018-09-18,Barcelona,PSV Eindhoven
2018-09-18,Inter,Tottenham
2018-09-18,Club Brugge KV,Dortmund
2018-09-18,Monaco,Ath Madrid
2018-09-18,FK Crvena Zvezda,Napoli
2018-09-18,Liverpool,Paris Saint Germain
2018-09-18,Schalke 04,Porto
2018-09-18,Galatasaray,Lokomotiv Moscow
2018-09-19,Ajax,AEK Athens FC
2018-09-19,Shakhtar Donetsk,Hoffenheim
2018-09-19,Benfica,Bayern Munich
2018-09-19,Man City,Lyon
2018-09-19,Plzen,CSKA Moscow
2018-09-19,Real Madrid,Roma
2018-09-19,BSC Young Boys,Man United
2018-09-19,Valencia,Juventus
2018-10-02,Hoffenheim,Man City
2018-10-02,Juventus,BSC Young Boys
2018-10-02,AEK Athens FC,Benfica
2018-10-02,Bayern Munich,Ajax
2018-10-02,Lyon,Shakhtar Donetsk
2018-10-02,Roma,Plzen
2018-10-02,CSKA Moscow,Real Madrid
2018-10-02,Man United,Valencia
2018-10-03,Paris Saint Germain,FK Crvena Zvezda
2018-10-03,Lokomotiv Moscow,Schalke 04
2018-10-03,Ath Madrid,Club Brugge KV
2018-10-03,Dortmund,Monaco
2018-10-03,PSV Eindhoven,Inter
2018-10-03,Tottenham,Barcelona
2018-10-03,Napoli,Liverpool
2018-10-03,Porto,Galatasaray
2018-10-23,AEK Athens FC,Bayern Munich
2018-10-23,BSC Young Boys,Valencia
2018-10-23,Ajax,Benfica
2018-10-23,Hoffenheim,Lyon
2018-10-23,Shakhtar Donetsk,Man City
2018-10-23,Roma,CSKA Moscow
2018-10-23,Real Madrid,Plzen
2018-10-23,Man United,Juventus
2018-10-24,Club Brugge KV,Monaco
2018-10-24,PSV Eindhoven,Tottenham
2018-10-24,Dortmund,Ath Madrid
2018-10-24,Barcelona,Inter
2018-10-24,Liverpool,FK Crvena Zvezda
2018-10-24,Paris Saint Germain,Napoli
2018-10-24,Galatasaray,Schalke 04
2018-10-24,Lokomotiv Moscow,Porto
2018-11-06,Monaco,Club Brugge KV
2018-11-06,FK Crvena Zvezda,Liverpool
2018-11-06,Ath Madrid,Dortmund
2018-11-06,Inter,Barcelona
2018-11-06,Tottenham,PSV Eindhoven
2018-11-06,Napoli,Paris Saint Germain
2018-11-06,Porto,Lokomotiv Moscow
2018-11-06,Schalke 04,Galatasaray
2018-11-07,CSKA Moscow,Roma
2018-11-07,Valencia,BSC Young Boys
2018-11-07,Bayern Munich,AEK Athens FC
2018-11-07,Benfica,Ajax
2018-11-07,Lyon,Hoffenheim
2018-11-07,Man City,Shakhtar Donetsk
2018-11-07,Plzen,Real Madrid
2018-11-07,Juventus,Man United
2018-11-27,AEK Athens FC,Ajax
2018-11-27,CSKA Moscow,Plzen
2018-11-27,Bayern Munich,Benfica
2018-11-27,Hoffenheim,Shakhtar Donetsk
2018-11-27,Lyon,Man City
2018-11-27,Roma,Real Madrid
2018-11-27,Juventus,Valencia
2018-11-27,Man United,BSC Young Boys
2018-11-28,Ath Madrid,Monaco
2018-11-28,Lokomotiv Moscow,Galatasaray
2018-11-28,Dortmund,Club Brugge KV
2018-11-28,PSV Eindhoven,Barcelona
2018-11-28,Tottenham,Inter
2018-11-28,Napoli,FK Crvena Zvezda
2018-11-28,Paris Saint Germain,Liverpool
2018-11-28,Porto,Schalke 04
2018-12-11,Schalke 04,Lokomotiv Moscow
2018-12-11,Galatasaray,Porto
2018-12-11,Club Brugge KV,Ath Madrid
2018-12-11,Monaco,Dortmund
2018-12-11,Barcelona,Tottenham
2018-12-11,Inter,PSV Eindhoven
2018-12-11,FK Crvena Zvezda,Paris Saint Germain
2018-12-11,Liverpool,Napoli
2018-12-12,Plzen,Roma
2018-12-12,Real Madrid,CSKA Moscow
2018-12-12,Ajax,Bayern Munich
2018-12-12,Benfica,AEK Athens FC
2018-12-12,Man City,Hoffenheim
2018-12-12,Shakhtar Donetsk,Lyon
2018-12-12,BSC Young Boys,Juventus
2018-12-12,Valencia,Man United
2019-02-12,Roma,Porto
2019-02-12,Man United,Paris Saint Germain
2019-02-13,Ajax,Real Madrid
2019-02-13,Tottenham,Dortmund
2019-02-19,Liverpool,Bayern Munich
2019-02-19,Lyon,Barcelona
2019-02-20,Ath Madrid,Juventus
2019-02-20,Schalke 04,Man City
2019-03-05,Dortmund,Tottenham
2019-03-05,Real Madrid,Ajax
2019-03-06,Porto,Roma
2019-03-06,Paris Saint Germain,Man United
2019-03-12,Juventus,Ath Madrid
2019-03-12,Man City,Schalke 04
2019-03-13,Barcelona,Lyon
2019-03-13,Bayern Munich,Liverpool
2019-04-09,Liverpool,Porto
2019-04-09,Tottenham,Man City
2019-04-10,Ajax,Juventus
2019-04-10,Man United,Barcelona
2019-04-16,Barcelona,Man United
2019-04-16,Juventus,Ajax
2019-04-17,Porto,Liverpool
2019-04-17,Man City,Tottenham
2019-04-30,Tottenham,Ajax
2019-05-01,Barcelona,Liverpool
2019-05-07,Liverpool,Barcelona
2019-05-08,Ajax,Tottenham
2019-06-01,Tottenham,Liverpool
2017-09-14,Slavia Praha,Maccabi Tel Aviv
2017-09-14,Villarreal,FC Astana
2017-09-14,BSC Young Boys,FK Partizan
2017-09-14,Dynamo Kyiv,Skenderbeu Korce
2017-09-14,Hoffenheim,Sp Braga
2017-09-14,Istanbul Basaksehir,Ludogorets
2017-09-14,Austria Vienna,Milan
2017-09-14,HNK Rijeka,AEK Athens FC
2017-09-14,Apollon Limassol,Lyon
2017-09-14,Atalanta,Everton
2017-09-14,FC Copenhagen,Lokomotiv Moscow
2017-09-14,Zlin,Sheriff Tiraspol
2017-09-14,FCSB,Plzen
2017-09-14,Hapoel Beer Sheva,FC Lugano
2017-09-14,Arsenal,FC Koln
2017-09-14,FK Crvena Zvezda,Bate Borisov
2017-09-14,Guimaraes,Red Bull Salzburg
2017-09-14,Marseille,Konyaspor
2017-09-14,Hertha,Ath Bilbao
2017-09-14,Zorya Luhansk,Ostersunds FK
2017-09-14,Vitesse,Lazio
2017-09-14,Zulte Waregem,Nice
2017-09-14,Sociedad,Rosenborg
2017-09-14,Vardar Skopje,Zenit Saint Petersburg
2017-09-28,FC Astana,Slavia Praha
2017-09-28,FC Lugano,FCSB
2017-09-28,Plzen,Hapoel Beer Sheva
2017-09-28,Bate Borisov,Arsenal
2017-09-28,FC Koln,FK Crvena Zvezda
2017-09-28,Konyaspor,Guimaraes
2017-09-28,Red Bull Salzburg,Marseille
2017-09-28,Ath Bilbao,Zorya Luhansk
2017-09-28,Ostersunds FK,Hertha
2017-09-28,Lazio,Zulte Waregem
2017-09-28,Nice,Vitesse
2017-09-28,Rosenborg,Vardar Skopje
2017-09-28,Zenit Saint Petersburg,Sociedad
2017-09-28,Maccabi Tel Aviv,Villarreal
2017-09-28,FK Partizan,Dynamo Kyiv
2017-09-28,Skenderbeu Korce,BSC Young Boys
2017-09-28,Ludogorets,Hoffenheim
2017-09-28,Sp Braga,Istanbul Basaksehir
2017-09-28,Milan,HNK Rijeka
2017-09-28,AEK Athens FC,Austria Vienna
2017-09-28,Everton,Apollon Limassol
2017-09-28,Lyon,Atalanta
2017-09-28,Lokomotiv Moscow,Zlin
2017-09-28,Sheriff Tiraspol,FC Copenhagen
2017-10-19,FC Astana,Maccabi Tel Aviv
2017-10-19,FC Lugano,Plzen
2017-10-19,Hapoel Beer Sheva,FCSB
2017-10-19,Bate Borisov,FC Koln
2017-10-19,FK Crvena Zvezda,Arsenal
2017-10-19,Konyaspor,Red Bull Salzburg
2017-10-19,Marseille,Guimaraes
2017-10-19,Ostersunds FK,Ath Bilbao
2017-10-19,Zorya Luhansk,Hertha
2017-10-19,Nice,Lazio
2017-10-19,Zulte Waregem,Vitesse
2017-10-19,Vardar Skopje,Sociedad
2017-10-19,Zenit Saint Petersburg,Rosenborg
2017-10-19,Villarreal,Slavia Praha
2017-10-19,Dynamo Kyiv,BSC Young Boys
2017-10-19,Skenderbeu Korce,FK Partizan
2017-10-19,Hoffenheim,Istanbul Basaksehir
2017-10-19,Sp Braga,Ludogorets
2017-10-19,Milan,AEK Athens FC
2017-10-19,Austria Vienna,HNK Rijeka
2017-10-19,Atalanta,Apollon Limassol
2017-10-19,Everton,Lyon
2017-10-19,Sheriff Tiraspol,Lokomotiv Moscow
2017-10-19,Zlin,FC Copenhagen
2017-11-02,Maccabi Tel Aviv,FC Astana
2017-11-02,Slavia Praha,Villarreal
2017-11-02,BSC Young Boys,Dynamo Kyiv
2017-11-02,FK Partizan,Skenderbeu Korce
2017-11-02,Istanbul Basaksehir,Hoffenheim
2017-11-02,Ludogorets,Sp Braga
2017-11-02,AEK Athens FC,Milan
2017-11-02,HNK Rijeka,Austria Vienna
2017-11-02,Apollon Limassol,Atalanta
2017-11-02,Lyon,Everton
2017-11-02,FC Copenhagen,Zlin
2017-11-02,Lokomotiv Moscow,Sheriff Tiraspol
2017-11-02,FCSB,Hapoel Beer Sheva
2017-11-02,Plzen,FC Lugano
2017-11-02,Arsenal,FK Crvena Zvezda
2017-11-02,FC Koln,Bate Borisov
2017-11-02,Guimaraes,Marseille
2017-11-02,Red Bull Salzburg,Konyaspor
2017-11-02,Ath Bilbao,Ostersunds FK
2017-11-02,Hertha,Zorya Luhansk
2017-11-02,Lazio,Nice
2017-11-02,Vitesse,Zulte Waregem
2017-11-02,Sociedad,Vardar Skopje
2017-11-02,Rosenborg,Zenit Saint Petersburg
2017-11-23,FC Astana,Villarreal
2017-11-23,Lokomotiv Moscow,FC Copenhagen
2017-11-23,FC Lugano,Hapoel Beer Sheva
2017-11-23,Plzen,FCSB
2017-11-23,Bate Borisov,FK Crvena Zvezda
2017-11-23,FC Koln,Arsenal
2017-11-23,Konyaspor,Marseille
2017-11-23,Red Bull Salzburg,Guimaraes
2017-11-23,Ath Bilbao,Hertha
2017-11-23,Ostersunds FK,Zorya Luhansk
2017-11-23,Lazio,Vitesse
2017-11-23,Nice,Zulte Waregem
2017-11-23,Rosenborg,Sociedad
2017-11-23,Zenit Saint Petersburg,Vardar Skopje
2017-11-23,Maccabi Tel Aviv,Slavia Praha
2017-11-23,FK Partizan,BSC Young Boys
2017-11-23,Skenderbeu Korce,Dynamo Kyiv
2017-11-23,Ludogorets,Istanbul Basaksehir
2017-11-23,Sp Braga,Hoffenheim
2017-11-23,Milan,Austria Vienna
2017-11-23,AEK Athens FC,HNK Rijeka
2017-11-23,Everton,Atalanta
2017-11-23,Lyon,Apollon Limassol
2017-11-23,Sheriff Tiraspol,Zlin
2017-12-07,Slavia Praha,FC Astana
2017-12-07,Villarreal,Maccabi Tel Aviv
2017-12-07,BSC Young Boys,Skenderbeu Korce
2017-12-07,Dynamo Kyiv,FK Partizan
2017-12-07,Hoffenheim,Ludogorets
2017-12-07,Istanbul Basaksehir,Sp Braga
2017-12-07,Austria Vienna,AEK Athens FC
2017-12-07,HNK Rijeka,Milan
2017-12-07,Apollon Limassol,Everton
2017-12-07,Atalanta,Lyon
2017-12-07,FC Copenhagen,Sheriff Tiraspol
2017-12-07,Zlin,Lokomotiv Moscow
2017-12-07,FCSB,FC Lugano
2017-12-07,Hapoel Beer Sheva,Plzen
2017-12-07,Arsenal,Bate Borisov
2017-12-07,FK Crvena Zvezda,FC Koln
2017-12-07,Guimaraes,Konyaspor
2017-12-07,Marseille,Red Bull Salzburg
2017-12-07,Hertha,Ostersunds FK
2017-12-07,Zorya Luhansk,Ath Bilbao
2017-12-07,Vitesse,Nice
2017-12-07,Zulte Waregem,Lazio
2017-12-07,Sociedad,Zenit Saint Petersburg
2017-12-07,Vardar Skopje,Rosenborg
2018-02-13,FK Crvena Zvezda,CSKA Moscow
2018-02-15,FC Astana,Sp Lisbon
2018-02-15,Dortmund,Atalanta
2018-02-15,Ludogorets,Milan
2018-02-15,Marseille,Sp Braga
2018-02-15,Nice,Lokomotiv Moscow
2018-02-15,Ostersunds FK,Arsenal
2018-02-15,Sociedad,Red Bull Salzburg
2018-02-15,Spartak Moscow,Ath Bilbao
2018-02-15,AEK Athens FC,Dynamo Kyiv
2018-02-15,Celtic,Zenit Saint Petersburg
2018-02-15,FC Copenhagen,Ath Madrid
2018-02-15,FCSB,Lazio
2018-02-15,FK Partizan,Plzen
2018-02-15,Lyon,Villarreal
2018-02-15,Napoli,RB Leipzig
2018-02-21,CSKA Moscow,FK Crvena Zvezda
2018-02-22,Lokomotiv Moscow,Nice
2018-02-22,Ath Madrid,FC Copenhagen
2018-02-22,Dynamo Kyiv,AEK Athens FC
2018-02-22,Lazio,FCSB
2018-02-22,Plzen,FK Partizan
2018-02-22,RB Leipzig,Napoli
2018-02-22,Sp Lisbon,FC Astana
2018-02-22,Villarreal,Lyon
2018-02-22,Zenit Saint Petersburg,Celtic
2018-02-22,Milan,Ludogorets
2018-02-22,Arsenal,Ostersunds FK
2018-02-22,Atalanta,Dortmund
2018-02-22,Ath Bilbao,Spartak Moscow
2018-02-22,Red Bull Salzburg,Sociedad
2018-02-22,Sp Braga,Marseille
2018-03-08,Milan,Arsenal
2018-03-08,Ath Madrid,Lokomotiv Moscow
2018-03-08,Dortmund,Red Bull Salzburg
2018-03-08,CSKA Moscow,Lyon
2018-03-08,Lazio,Dynamo Kyiv
2018-03-08,Marseille,Ath Bilbao
2018-03-08,RB Leipzig,Zenit Saint Petersburg
2018-03-08,Sp Lisbon,Plzen
2018-03-15,Lokomotiv Moscow,Ath Madrid
2018-03-15,Ath Bilbao,Marseille
2018-03-15,Dynamo Kyiv,Lazio
2018-03-15,Plzen,Sp Lisbon
2018-03-15,Zenit Saint Petersburg,RB Leipzig
2018-03-15,Arsenal,Milan
2018-03-15,Lyon,CSKA Moscow
2018-03-15,Red Bull Salzburg,Dortmund
2018-04-05,Arsenal,CSKA Moscow
2018-04-05,Ath Madrid,Sp Lisbon
2018-04-05,Lazio,Red Bull Salzburg
2018-04-05,RB Leipzig,Marseille
2018-04-12,CSKA Moscow,Arsenal
2018-04-12,Marseille,RB Leipzig
2018-04-12,Red Bull Salzburg,Lazio
2018-04-12,Sp Lisbon,Ath Madrid
2018-04-26,Arsenal,Ath Madrid
2018-04-26,Marseille,Red Bull Salzburg
2018-05-03,Ath Madrid,Arsenal
2018-05-03,Red Bull Salzburg,Marseille
2018-05-16,Marseille,Ath Madrid
2016-09-15,Qarabag,Slovan Liberec
2016-09-15,Feyenoord,Man United
2016-09-15,Zorya Luhansk,Fenerbahce
2016-09-15,Apoel,FC Astana
2016-09-15,BSC Young Boys,Olympiakos Piraeus
2016-09-15,Anderlecht,Qabala
2016-09-15,Mainz,Saint Etienne
2016-09-15,AZ Alkmaar,Dundalk
2016-09-15,Maccabi Tel Aviv,Zenit Saint Petersburg
2016-09-15,FC Astra Giurgiu,Austria Vienna
2016-09-15,Plzen,Roma
2016-09-15,Rapid Vienna,Genk
2016-09-15,Sassuolo,Ath Bilbao
2016-09-15,Panathinaikos,Ajax
2016-09-15,Standard Liege,Celta
2016-09-15,Konyaspor,Shakhtar Donetsk
2016-09-15,Sp Braga,Gent
2016-09-15,Nice,Schalke 04
2016-09-15,Red Bull Salzburg,Krasnodar
2016-09-15,PAOK,Fiorentina
2016-09-15,Inter,Hapoel Beer Sheva
2016-09-15,Southampton,Sparta Praha
2016-09-15,Osmanlispor,FCSB
2016-09-15,Villarreal,FC Zurich
2016-09-29,FC Astana,BSC Young Boys
2016-09-29,Qabala,Mainz
2016-09-29,Ajax,Standard Liege
2016-09-29,Celta,Panathinaikos
2016-09-29,Gent,Konyaspor
2016-09-29,Shakhtar Donetsk,Sp Braga
2016-09-29,Schalke 04,Red Bull Salzburg
2016-09-29,Krasnodar,Nice
2016-09-29,Fiorentina,Qarabag
2016-09-29,Slovan Liberec,PAOK
2016-09-29,Hapoel Beer Sheva,Southampton
2016-09-29,Sparta Praha,Inter
2016-09-29,FC Zurich,Osmanlispor
2016-09-29,FCSB,Villarreal
2016-09-29,Fenerbahce,Feyenoord
2016-09-29,Man United,Zorya Luhansk
2016-09-29,Olympiakos Piraeus,Apoel
2016-09-29,Saint Etienne,Anderlecht
2016-09-29,Dundalk,Maccabi Tel Aviv
2016-09-29,Zenit Saint Petersburg,AZ Alkmaar
2016-09-29,Austria Vienna,Plzen
2016-09-29,Roma,FC Astra Giurgiu
2016-09-29,Ath Bilbao,Rapid Vienna
2016-09-29,Genk,Sassuolo
2016-10-20,Celta,Ajax
2016-10-20,Standard Liege,Panathinaikos
2016-10-20,Konyaspor,Sp Braga
2016-10-20,Shakhtar Donetsk,Gent
2016-10-20,Krasnodar,Schalke 04
2016-10-20,Red Bull Salzburg,Nice
2016-10-20,Qarabag,PAOK
2016-10-20,Slovan Liberec,Fiorentina
2016-10-20,Hapoel Beer Sheva,Sparta Praha
2016-10-20,Inter,Southampton
2016-10-20,FCSB,FC Zurich
2016-10-20,Osmanlispor,Villarreal
2016-10-20,Feyenoord,Zorya Luhansk
2016-10-20,Man United,Fenerbahce
2016-10-20,BSC Young Boys,Apoel
2016-10-20,Olympiakos Piraeus,FC Astana
2016-10-20,Mainz,Anderlecht
2016-10-20,Saint Etienne,Qabala
2016-10-20,AZ Alkmaar,Maccabi Tel Aviv
2016-10-20,Dundalk,Zenit Saint Petersburg
2016-10-20,Plzen,FC Astra Giurgiu
2016-10-20,Roma,Austria Vienna
2016-10-20,Genk,Ath Bilbao
2016-10-20,Rapid Vienna,Sassuolo
2016-11-03,FC Astana,Olympiakos Piraeus
2016-11-03,Fenerbahce,Man United
2016-11-03,Zorya Luhansk,Feyenoord
2016-11-03,Apoel,BSC Young Boys
2016-11-03,Anderlecht,Mainz
2016-11-03,Qabala,Saint Etienne
2016-11-03,Maccabi Tel Aviv,AZ Alkmaar
2016-11-03,Zenit Saint Petersburg,Dundalk
2016-11-03,Austria Vienna,Roma
2016-11-03,FC Astra Giurgiu,Plzen
2016-11-03,Ath Bilbao,Genk
2016-11-03,Sassuolo,Rapid Vienna
2016-11-03,Ajax,Celta
2016-11-03,Panathinaikos,Standard Liege
2016-11-03,Gent,Shakhtar Donetsk
2016-11-03,Sp Braga,Konyaspor
2016-11-03,Schalke 04,Krasnodar
2016-11-03,Nice,Red Bull Salzburg
2016-11-03,Fiorentina,Slovan Liberec
2016-11-03,PAOK,Qarabag
2016-11-03,Southampton,Inter
2016-11-03,Sparta Praha,Hapoel Beer Sheva
2016-11-03,FC Zurich,FCSB
2016-11-03,Villarreal,Osmanlispor
2016-11-24,Fenerbahce,Zorya Luhansk
2016-11-24,FC Astana,Apoel
2016-11-24,Qabala,Anderlecht
2016-11-24,Zenit Saint Petersburg,Maccabi Tel Aviv
2016-11-24,Ajax,Panathinaikos
2016-11-24,Celta,Standard Liege
2016-11-24,Gent,Sp Braga
2016-11-24,Shakhtar Donetsk,Konyaspor
2016-11-24,Schalke 04,Nice
2016-11-24,Krasnodar,Red Bull Salzburg
2016-11-24,Fiorentina,PAOK
2016-11-24,Slovan Liberec,Qarabag
2016-11-24,Hapoel Beer Sheva,Inter
2016-11-24,Sparta Praha,Southampton
2016-11-24,FC Zurich,Villarreal
2016-11-24,FCSB,Osmanlispor
2016-11-24,Man United,Feyenoord
2016-11-24,Olympiakos Piraeus,BSC Young Boys
2016-11-24,Saint Etienne,Mainz
2016-11-24,Dundalk,AZ Alkmaar
2016-11-24,Austria Vienna,FC Astra Giurgiu
2016-11-24,Roma,Plzen
2016-11-24,Ath Bilbao,Sassuolo
2016-11-24,Genk,Rapid Vienna
2016-12-08,Konyaspor,Gent
2016-12-08,Sp Braga,Shakhtar Donetsk
2016-12-08,PAOK,Slovan Liberec
2016-12-08,Qarabag,Fiorentina
2016-12-08,Osmanlispor,FC Zurich
2016-12-08,Villarreal,FCSB
2016-12-08,Feyenoord,Fenerbahce
2016-12-08,Zorya Luhansk,Man United
2016-12-08,Apoel,Olympiakos Piraeus
2016-12-08,BSC Young Boys,FC Astana
2016-12-08,Anderlecht,Saint Etienne
2016-12-08,Mainz,Qabala
2016-12-08,AZ Alkmaar,Zenit Saint Petersburg
2016-12-08,Maccabi Tel Aviv,Dundalk
2016-12-08,FC Astra Giurgiu,Roma
2016-12-08,Plzen,Austria Vienna
2016-12-08,Rapid Vienna,Ath Bilbao
2016-12-08,Panathinaikos,Celta
2016-12-08,Standard Liege,Ajax
2016-12-08,Nice,Krasnodar
2016-12-08,Red Bull Salzburg,Schalke 04
2016-12-08,Inter,Sparta Praha
2016-12-08,Southampton,Hapoel Beer Sheva
2016-12-09,Sassuolo,Genk
2017-02-16,Krasnodar,Fenerbahce
2017-02-16,AZ Alkmaar,Lyon
2017-02-16,M'gladbach,Fiorentina
2017-02-16,Celta,Shakhtar Donetsk
2017-02-16,FC Astra Giurgiu,Genk
2017-02-16,FC Rostov,Sparta Praha
2017-02-16,Gent,Tottenham
2017-02-16,Ludogorets,FC Copenhagen
2017-02-16,Olympiakos Piraeus,Osmanlispor
2017-02-16,Anderlecht,Zenit Saint Petersburg
2017-02-16,Ath Bilbao,Apoel
2017-02-16,Hapoel Beer Sheva,Besiktas
2017-02-16,Legia Warszawa,Ajax
2017-02-16,Man United,Saint Etienne
2017-02-16,PAOK,Schalke 04
2017-02-16,Villarreal,Roma
2017-02-22,Schalke 04,PAOK
2017-02-22,Fenerbahce,Krasnodar
2017-02-22,Saint Etienne,Man United
2017-02-23,Osmanlispor,Olympiakos Piraeus
2017-02-23,Ajax,Legia Warszawa
2017-02-23,Apoel,Ath Bilbao
2017-02-23,Besiktas,Hapoel Beer Sheva
2017-02-23,Roma,Villarreal
2017-02-23,Zenit Saint Petersburg,Anderlecht
2017-02-23,FC Copenhagen,Ludogorets
2017-02-23,Fiorentina,M'gladbach
2017-02-23,Genk,FC Astra Giurgiu
2017-02-23,Lyon,AZ Alkmaar
2017-02-23,Shakhtar Donetsk,Celta
2017-02-23,Sparta Praha,FC Rostov
2017-02-23,Tottenham,Gent
2017-03-09,Apoel,Anderlecht
2017-03-09,FC Copenhagen,Ajax
2017-03-09,FC Rostov,Man United
2017-03-09,Celta,Krasnodar
2017-03-09,Schalke 04,M'gladbach
2017-03-09,Gent,Genk
2017-03-09,Lyon,Roma
2017-03-09,Olympiakos Piraeus,Besiktas
2017-03-16,Besiktas,Olympiakos Piraeus
2017-03-16,Genk,Gent
2017-03-16,Krasnodar,Celta
2017-03-16,Ajax,FC Copenhagen
2017-03-16,Anderlecht,Apoel
2017-03-16,M'gladbach,Schalke 04
2017-03-16,Man United,FC Rostov
2017-03-16,Roma,Lyon
2017-04-13,Ajax,Schalke 04
2017-04-13,Anderlecht,Man United
2017-04-13,Celta,Genk
2017-04-13,Lyon,Besiktas
2017-04-20,Besiktas,Lyon
2017-04-20,Schalke 04,Ajax
2017-04-20,Genk,Celta
2017-04-20,Man United,Anderlecht
2017-05-03,Ajax,Lyon
2017-05-04,Celta,Man United
2017-05-11,Lyon,Ajax
2017-05-11,Man United,Celta
2017-05-24,Ajax,Man United
2018-06-26,UE Sant Julia,Gzira United
2018-06-28,Europa FC,Prishtina
2018-06-28,Birkirkara,KI Klaksvik
2018-06-28,B36 Torshavn,St Joseph S FC
2018-06-28,Cefn Druids AFC,FK Trakai
2018-06-28,UE Engordany,Folgore
2018-06-28,Tre Fiori,Bala Town
2018-07-05,St Joseph S FC,B36 Torshavn
2018-07-05,FK Trakai,Cefn Druids AFC
2018-07-05,Gzira United,UE Sant Julia
2018-07-05,Prishtina,Europa FC
2018-07-05,Bala Town,Tre Fiori
2018-07-05,KI Klaksvik,Birkirkara
2018-07-05,Folgore,UE Engordany
2018-07-10,Samtredia,FK Tobol Kostanay
2018-07-11,Banants Yerevan,FK Sarajevo
2018-07-11,FK Rabotnicki,Budapest Honved
2018-07-11,FC Vaduz,Levski Sofia
2018-07-11,Fola Esch,Prishtina
2018-07-11,KI Klaksvik,FK Zalgiris Vilnius
2018-07-11,Glenavon FC,Molde
2018-07-12,Pyunik Yerevan,Vardar Skopje
2018-07-12,FK Ventspils,Luftetari Gjirokaster
2018-07-12,Chikhura Sachkhere,Beitar Jerusalem
2018-07-12,Partizani,Maribor
2018-07-12,Rudar Velenje,Tre Fiori
2018-07-12,Balzan FC,Keshla FC
2018-07-12,FC Lahti,FH Hafnarfjordur
2018-07-12,FC Levadia Tallinn,Dundalk
2018-07-12,FK Trakai,Irtysh Pavlodar
2018-07-12,Ilves Tampere,Slavia Sofia
2018-07-12,KuPS,FC Copenhagen
2018-07-12,Qabala,Progres Niederkorn
2018-07-12,Trans Narva,Zeljeznicar Sarajevo
2018-07-12,FK Liepaja,BK Hacken
2018-07-12,Anorthosis,Laci
2018-07-12,Derry City,Dinamo Minsk
2018-07-12,Ferencvarosi TC,Maccabi Tel Aviv
2018-07-12,GAP Connah S Quay FC,Shakhter Soligorsk
2018-07-12,Milsami Orhei,Slovan Bratislava
2018-07-12,Neftchi Baku,Ujpest
2018-07-12,Petrocub,NK Osijek
2018-07-12,Stumbras,Apollon Limassol
2018-07-12,CSKA Sofia,Riga FC
2018-07-12,B36 Torshavn,FK Mladost Podgorica
2018-07-12,Gornik Zabrze,Zaria Balti
2018-07-12,IBV Vestmannaeyjar,Sarpsborg 08 FF
2018-07-12,Racing FC Union Luxembourg,Viitorul Constanta
2018-07-12,Siroki Brijeg,NK Domzale
2018-07-12,UE Engordany,Kairat Almaty
2018-07-12,Shamrock Rovers,AIK Stockholm
2018-07-12,Rudar Pljevlja,FK Partizan
2018-07-12,Buducnost Podgorica,AS Trencin
2018-07-12,Cliftonville FC,FC Nordsjaelland
2018-07-12,FK Spartak Zdrepceva KRV,Coleraine FC
2018-07-12,Hibernian,NSI Runavik
2018-07-12,Lech Poznan,Gandzasar
2018-07-12,Rangers,Shkupi 1927
2018-07-12,Dunajska Streda,Dinamo Tbilisi
2018-07-12,Radnicki NIS,Gzira United
2018-07-12,Stjarnan,Kalju Nomme
2018-07-17,Levski Sofia,FC Vaduz
2018-07-17,Shkupi 1927,Rangers
2018-07-17,Budapest Honved,FK Rabotnicki
2018-07-18,Zeljeznicar Sarajevo,Trans Narva
2018-07-19,FK Tobol Kostanay,Samtredia
2018-07-19,Kairat Almaty,UE Engordany
2018-07-19,Dinamo Minsk,Derry City
2018-07-19,Gandzasar,Lech Poznan
2018-07-19,Irtysh Pavlodar,FK Trakai
2018-07-19,Laci,Anorthosis
2018-07-19,Viitorul Constanta,Racing FC Union Luxembourg
2018-07-19,Gzira United,Radnicki NIS
2018-07-19,Kalju Nomme,Stjarnan
2018-07-19,Molde,Glenavon FC
2018-07-19,Slavia Sofia,Ilves Tampere
2018-07-19,Riga FC,CSKA Sofia
2018-07-19,Slovan Bratislava,Milsami Orhei
2018-07-19,BK Hacken,FK Liepaja
2018-07-19,Dinamo Tbilisi,Dunajska Streda
2018-07-19,FK Zalgiris Vilnius,KI Klaksvik
2018-07-19,Keshla FC,Balzan FC
2018-07-19,Maccabi Tel Aviv,Ferencvarosi TC
2018-07-19,Prishtina,Fola Esch
2018-07-19,Sarpsborg 08 FF,IBV Vestmannaeyjar
2018-07-19,Shakhter Soligorsk,GAP Connah S Quay FC
2018-07-19,Vardar Skopje,Pyunik Yerevan
2018-07-19,Zaria Balti,Gornik Zabrze
2018-07-19,AIK Stockholm,Shamrock Rovers
2018-07-19,Apollon Limassol,Stumbras
2018-07-19,FC Nordsjaelland,Cliftonville FC
2018-07-19,Progres Niederkorn,Qabala
2018-07-19,Beitar Jerusalem,Chikhura Sachkhere
2018-07-19,FC Copenhagen,KuPS
2018-07-19,Luftetari Gjirokaster,FK Ventspils
2018-07-19,FK Sarajevo,Banants Yerevan
2018-07-19,Maribor,Partizani
2018-07-19,AS Trencin,Buducnost Podgorica
2018-07-19,FK Mladost Podgorica,B36 Torshavn
2018-07-19,FK Partizan,Rudar Pljevlja
2018-07-19,Coleraine FC,FK Spartak Zdrepceva KRV
2018-07-19,Dundalk,FC Levadia Tallinn
2018-07-19,NK Osijek,Petrocub
2018-07-19,NSI Runavik,Hibernian
2018-07-19,Tre Fiori,Rudar Velenje
2018-07-19,NK Domzale,Siroki Brijeg
2018-07-19,Ujpest,Neftchi Baku
2018-07-19,FH Hafnarfjordur,FC Lahti
2018-07-26,FC UFA,NK Domzale
2018-07-26,FK Ventspils,Bordeaux
2018-07-26,FK Tobol Kostanay,Pyunik Yerevan
2018-07-26,Kairat Almaty,AZ Alkmaar
2018-07-26,Spartaks Jurmala,La Fiorita
2018-07-26,Viitorul Constanta,Vitesse
2018-07-26,Rudar Velenje,FCSB
2018-07-26,Balzan FC,Slovan Bratislava
2018-07-26,Chikhura Sachkhere,Maribor
2018-07-26,Hapoel Haifa,FH Hafnarfjordur
2018-07-26,Torpedo Kutaisi,Vikingur Gota
2018-07-26,F91 Dudelange,Drita
2018-07-26,RB Leipzig,BK Hacken
2018-07-26,Apoel Nicosia,Flora Tallinn
2018-07-26,Budapest Honved,Progres Niederkorn
2018-07-26,CSKA Sofia,Admira Wacker
2018-07-26,Djurgardens IF,FC Mariupol
2018-07-26,FK Zalgiris Vilnius,FC Vaduz
2018-07-26,Maccabi Tel Aviv,Radnicki NIS
2018-07-26,Molde,Laci
2018-07-26,Zrinjski,Valletta FC
2018-07-26,Jagiellonia,Rio Ave
2018-07-26,Shakhter Soligorsk,Lech Poznan
2018-07-26,Dinamo Brest,Atromitos Athinon
2018-07-26,FC Nordsjaelland,AIK Stockholm
2018-07-26,Lask Linz,Lillestrom
2018-07-26,B36 Torshavn,Besiktas
2018-07-26,FC Santa Coloma,Valur Reykjavik
2018-07-26,Genk,Fola Esch
2018-07-26,Gornik Zabrze,AS Trencin
2018-07-26,HNK Hajduk Split,Slavia Sofia
2018-07-26,Olimpija Ljubljana,Crusaders FC
2018-07-26,Sutjeska,Alashkert
2018-07-26,The New Saints,Lincoln Red Imps FC
2018-07-26,FC ST. Gallen,Sarpsborg 08 FF
2018-07-26,Atalanta,FK Sarajevo
2018-07-26,FK Partizan,FK Trakai
2018-07-26,Zeljeznicar Sarajevo,Apollon Limassol
2018-07-26,Aberdeen,Burnley
2018-07-26,Dundalk,AEK Larnaca
2018-07-26,FK Spartak Zdrepceva KRV,Sparta Praha
2018-07-26,Hibernian,Asteras Tripolis
2018-07-26,NK Osijek,Rangers
2018-07-26,Dunajska Streda,Dinamo Minsk
2018-07-26,Stjarnan,FC Copenhagen
2018-07-26,Sevilla,Ujpest
2018-07-31,Pyunik Yerevan,FK Tobol Kostanay
2018-08-01,Fola Esch,Genk
2018-08-02,Alashkert,Sutjeska
2018-08-02,Laci,Molde
2018-08-02,AEK Larnaca,Dundalk
2018-08-02,AS Trencin,Gornik Zabrze
2018-08-02,Dinamo Minsk,Dunajska Streda
2018-08-02,FK Trakai,FK Partizan
2018-08-02,Flora Tallinn,Apoel Nicosia
2018-08-02,Slavia Sofia,HNK Hajduk Split
2018-08-02,Valletta FC,Zrinjski
2018-08-02,BK Hacken,RB Leipzig
2018-08-02,Lillestrom,Lask Linz
2018-08-02,Admira Wacker,CSKA Sofia
2018-08-02,AIK Stockholm,FC Nordsjaelland
2018-08-02,Apollon Limassol,Zeljeznicar Sarajevo
2018-08-02,FC Mariupol,Djurgardens IF
2018-08-02,FC Vaduz,FK Zalgiris Vilnius
2018-08-02,Lincoln Red Imps FC,The New Saints
2018-08-02,Progres Niederkorn,Budapest Honved
2018-08-02,Sparta Praha,FK Spartak Zdrepceva KRV
2018-08-02,Atromitos Athinon,Dinamo Brest
2018-08-02,Slovan Bratislava,Balzan FC
2018-08-02,Asteras Tripolis,Hibernian
2018-08-02,Besiktas,B36 Torshavn
2018-08-02,FC Copenhagen,Stjarnan
2018-08-02,Vikingur Gota,Torpedo Kutaisi
2018-08-02,Vitesse,Viitorul Constanta
2018-08-02,FK Sarajevo,Atalanta
2018-08-02,Maribor,Chikhura Sachkhere
2018-08-02,FCSB,Rudar Velenje
2018-08-02,NK Domzale,FC UFA
2018-08-02,AZ Alkmaar,Kairat Almaty
2018-08-02,Bordeaux,FK Ventspils
2018-08-02,Burnley,Aberdeen
2018-08-02,Drita,F91 Dudelange
2018-08-02,La Fiorita,Spartaks Jurmala
2018-08-02,Lech Poznan,Shakhter Soligorsk
2018-08-02,Rangers,NK Osijek
2018-08-02,Sarpsborg 08 FF,FC ST. Gallen
2018-08-02,Crusaders FC,Olimpija Ljubljana
2018-08-02,Radnicki NIS,Maccabi Tel Aviv
2018-08-02,Rio Ave,Jagiellonia
2018-08-02,Ujpest,Sevilla
2018-08-02,FH Hafnarfjordur,Hapoel Haifa
2018-08-02,Valur Reykjavik,FC Santa Coloma
2018-08-07,Pyunik Yerevan,Maccabi Tel Aviv
2018-08-09,FC UFA,Progres Niederkorn
2018-08-09,Alashkert,CFR 1907 Cluj
2018-08-09,Hapoel Haifa,Atalanta
2018-08-09,Spartaks Jurmala,Suduva Marijampole
2018-08-09,RB Leipzig,CS Universitatea Craiova
2018-08-09,Apollon Limassol,Dinamo Brest
2018-08-09,AS Trencin,Feyenoord
2018-08-09,Dinamo Minsk,Zenit Saint Petersburg
2018-08-09,FC Mariupol,Bordeaux
2018-08-09,Hapoel Beer Sheva,Apoel Nicosia
2018-08-09,Ludogorets,Zrinjski
2018-08-09,Sheriff Tiraspol,Valur Reykjavik
2018-08-09,Sigma Olomouc,Kairat Almaty
2018-08-09,Sturm Graz,AEK Larnaca
2018-08-09,Torpedo Kutaisi,FK Kukesi
2018-08-09,Jagiellonia,Gent
2018-08-09,CSKA Sofia,FC Copenhagen
2018-08-09,FC Nordsjaelland,FK Partizan
2018-08-09,Besiktas,Lask Linz
2018-08-09,Genk,Lech Poznan
2018-08-09,Istanbul Basaksehir,Burnley
2018-08-09,Olimpija Ljubljana,HJK helsinki
2018-08-09,Olympiakos Piraeus,FC Luzern
2018-08-09,Vitesse,FC Basel 1893
2018-08-09,Zorya Luhansk,Sp Braga
2018-08-09,Cork City,Rosenborg
2018-08-09,FK Spartak Zdrepceva KRV,Brondby
2018-08-09,Hibernian,Molde
2018-08-09,HNK Hajduk Split,FCSB
2018-08-09,Rangers,Maribor
2018-08-09,Sarpsborg 08 FF,HNK Rijeka
2018-08-09,The New Saints,FC Midtjylland
2018-08-09,Legia Warszawa,F91 Dudelange
2018-08-09,Slovan Bratislava,Rapid Vienna
2018-08-09,Sevilla,FK Zalgiris Vilnius
2018-08-16,Kairat Almaty,Sigma Olomouc
2018-08-16,Progres Niederkorn,FC UFA
2018-08-16,AEK Larnaca,Sturm Graz
2018-08-16,HJK helsinki,Olimpija Ljubljana
2018-08-16,CS Universitatea Craiova,RB Leipzig
2018-08-16,FC Copenhagen,CSKA Sofia
2018-08-16,Apoel Nicosia,Hapoel Beer Sheva
2018-08-16,CFR 1907 Cluj,Alashkert
2018-08-16,FC Midtjylland,The New Saints
2018-08-16,FK Kukesi,Torpedo Kutaisi
2018-08-16,FK Zalgiris Vilnius,Sevilla
2018-08-16,Molde,Hibernian
2018-08-16,Suduva Marijampole,Spartaks Jurmala
2018-08-16,Zenit Saint Petersburg,Dinamo Minsk
2018-08-16,FC Luzern,Olympiakos Piraeus
2018-08-16,Maccabi Tel Aviv,Pyunik Yerevan
2018-08-16,Dinamo Brest,Apollon Limassol
2018-08-16,Lask Linz,Besiktas
2018-08-16,Atalanta,Hapoel Haifa
2018-08-16,Brondby,FK Spartak Zdrepceva KRV
2018-08-16,F91 Dudelange,Legia Warszawa
2018-08-16,FC Basel 1893,Vitesse
2018-08-16,Zrinjski,Ludogorets
2018-08-16,Lech Poznan,Genk
2018-08-16,Maribor,Rangers
2018-08-16,FCSB,HNK Hajduk Split
2018-08-16,Feyenoord,AS Trencin
2018-08-16,FK Partizan,FC Nordsjaelland
2018-08-16,Gent,Jagiellonia
2018-08-16,Rapid Vienna,Slovan Bratislava
2018-08-16,Bordeaux,FC Mariupol
2018-08-16,Burnley,Istanbul Basaksehir
2018-08-16,HNK Rijeka,Sarpsborg 08 FF
2018-08-16,Rosenborg,Cork City
2018-08-16,Valur Reykjavik,Sheriff Tiraspol
2018-08-16,Sp Braga,Zorya Luhansk
2018-08-23,Torpedo Kutaisi,Ludogorets
2018-08-23,Zenit Saint Petersburg,Molde
2018-08-23,AS Trencin,AEK Larnaca
2018-08-23,Apoel Nicosia,FC Astana
2018-08-23,Sheriff Tiraspol,Qarabag
2018-08-23,Sigma Olomouc,Sevilla
2018-08-23,Suduva Marijampole,Celtic
2018-08-23,Sarpsborg 08 FF,Maccabi Tel Aviv
2018-08-23,Malmo FF,FC Midtjylland
2018-08-23,Atalanta,FC Copenhagen
2018-08-23,F91 Dudelange,CFR 1907 Cluj
2018-08-23,FC Basel 1893,Apollon Limassol
2018-08-23,Olympiakos Piraeus,Burnley
2018-08-23,FK Partizan,Besiktas
2018-08-23,Genk,Brondby
2018-08-23,Olimpija Ljubljana,Spartak Trnava
2018-08-23,Rapid Vienna,FCSB
2018-08-23,Zorya Luhansk,RB Leipzig
2018-08-23,Gent,Bordeaux
2018-08-23,Rangers,FC UFA
2018-08-23,Rosenborg,Shkendija
2018-08-30,FC Astana,Apoel Nicosia
2018-08-30,FC UFA,Rangers
2018-08-30,AEK Larnaca,AS Trencin
2018-08-30,FC Copenhagen,Atalanta
2018-08-30,RB Leipzig,Zorya Luhansk
2018-08-30,Apollon Limassol,FC Basel 1893
2018-08-30,CFR 1907 Cluj,F91 Dudelange
2018-08-30,Ludogorets,Torpedo Kutaisi
2018-08-30,Maccabi Tel Aviv,Sarpsborg 08 FF
2018-08-30,Molde,Zenit Saint Petersburg
2018-08-30,Qarabag,Sheriff Tiraspol
2018-08-30,FC Midtjylland,Malmo FF
2018-08-30,Besiktas,FK Partizan
2018-08-30,Shkendija,Rosenborg
2018-08-30,Brondby,Genk
2018-08-30,FCSB,Rapid Vienna
2018-08-30,Spartak Trnava,Olimpija Ljubljana
2018-08-30,Bordeaux,Gent
2018-08-30,Burnley,Olympiakos Piraeus
2018-08-30,Celtic,Suduva Marijampole
2018-08-30,Sevilla,Sigma Olomouc
2018-09-20,Rapid Vienna,Spartak Moscow
2018-09-20,Villarreal,Rangers
2018-09-20,Lazio,Apollon Limassol
2018-09-20,Marseille,Ein Frankfurt
2018-09-20,Besiktas,Sarpsborg 08 FF
2018-09-20,Genk,Malmo FF
2018-09-20,Akhisar Belediye,Krasnodar
2018-09-20,Sevilla,Standard Liege
2018-09-20,Dynamo Kyiv,FC Astana
2018-09-20,Rennes,FK Jablonec
2018-09-20,PAOK,Chelsea
2018-09-20,Videoton FC,Bate Borisov
2018-09-20,AEK Larnaca,FC Zurich
2018-09-20,Ludogorets,Leverkusen
2018-09-20,Celtic,Rosenborg
2018-09-20,RB Leipzig,Red Bull Salzburg
2018-09-20,FC Copenhagen,Zenit Saint Petersburg
2018-09-20,Slavia Praha,Bordeaux
2018-09-20,Dinamo Zagreb,Fenerbahce
2018-09-20,Spartak Trnava,Anderlecht
2018-09-20,Arsenal,Vorskla Poltava
2018-09-20,Sp Lisbon,Qarabag
2018-09-20,F91 Dudelange,Milan
2018-09-20,Olympiakos Piraeus,Betis
2018-10-04,FC Astana,Rennes
2018-10-04,Leverkusen,AEK Larnaca
2018-10-04,FC Zurich,Ludogorets
2018-10-04,Red Bull Salzburg,Celtic
2018-10-04,Rosenborg,RB Leipzig
2018-10-04,Bordeaux,FC Copenhagen
2018-10-04,Zenit Saint Petersburg,Slavia Praha
2018-10-04,Anderlecht,Dinamo Zagreb
2018-10-04,Fenerbahce,Spartak Trnava
2018-10-04,Qarabag,Arsenal
2018-10-04,Vorskla Poltava,Sp Lisbon
2018-10-04,Milan,Olympiakos Piraeus
2018-10-04,Betis,F91 Dudelange
2018-10-04,Rangers,Rapid Vienna
2018-10-04,Spartak Moscow,Villarreal
2018-10-04,Apollon Limassol,Marseille
2018-10-04,Ein Frankfurt,Lazio
2018-10-04,Malmo FF,Besiktas
2018-10-04,Sarpsborg 08 FF,Genk
2018-10-04,Krasnodar,Sevilla
2018-10-04,Standard Liege,Akhisar Belediye
2018-10-04,FK Jablonec,Dynamo Kyiv
2018-10-04,Bate Borisov,PAOK
2018-10-04,Chelsea,Videoton FC
2018-10-25,AEK Larnaca,Ludogorets
2018-10-25,FC Zurich,Leverkusen
2018-10-25,RB Leipzig,Celtic
2018-10-25,Red Bull Salzburg,Rosenborg
2018-10-25,FC Copenhagen,Slavia Praha
2018-10-25,Zenit Saint Petersburg,Bordeaux
2018-10-25,Anderlecht,Fenerbahce
2018-10-25,Spartak Trnava,Dinamo Zagreb
2018-10-25,Qarabag,Vorskla Poltava
2018-10-25,Sp Lisbon,Arsenal
2018-10-25,Milan,Betis
2018-10-25,F91 Dudelange,Olympiakos Piraeus
2018-10-25,Rangers,Spartak Moscow
2018-10-25,Villarreal,Rapid Vienna
2018-10-25,Ein Frankfurt,Apollon Limassol
2018-10-25,Marseille,Lazio
2018-10-25,Besiktas,Genk
2018-10-25,Sarpsborg 08 FF,Malmo FF
2018-10-25,Sevilla,Akhisar Belediye
2018-10-25,Standard Liege,Krasnodar
2018-10-25,FK Jablonec,FC Astana
2018-10-25,Rennes,Dynamo Kyiv
2018-10-25,Chelsea,Bate Borisov
2018-10-25,PAOK,Videoton FC
2018-11-08,Fenerbahce,Anderlecht
2018-11-08,FC Astana,FK Jablonec
2018-11-08,Rapid Vienna,Villarreal
2018-11-08,Spartak Moscow,Rangers
2018-11-08,Apollon Limassol,Ein Frankfurt
2018-11-08,Lazio,Marseille
2018-11-08,Genk,Besiktas
2018-11-08,Malmo FF,Sarpsborg 08 FF
2018-11-08,Akhisar Belediye,Sevilla
2018-11-08,Krasnodar,Standard Liege
2018-11-08,Dynamo Kyiv,Rennes
2018-11-08,Bate Borisov,Chelsea
2018-11-08,Videoton FC,PAOK
2018-11-08,Leverkusen,FC Zurich
2018-11-08,Ludogorets,AEK Larnaca
2018-11-08,Celtic,RB Leipzig
2018-11-08,Rosenborg,Red Bull Salzburg
2018-11-08,Bordeaux,Zenit Saint Petersburg
2018-11-08,Slavia Praha,FC Copenhagen
2018-11-08,Dinamo Zagreb,Spartak Trnava
2018-11-08,Arsenal,Sp Lisbon
2018-11-08,Vorskla Poltava,Qarabag
2018-11-08,Betis,Milan
2018-11-08,Olympiakos Piraeus,F91 Dudelange
2018-11-29,FC Astana,Dynamo Kyiv
2018-11-29,Spartak Moscow,Rapid Vienna
2018-11-29,Leverkusen,Ludogorets
2018-11-29,FC Zurich,AEK Larnaca
2018-11-29,Red Bull Salzburg,RB Leipzig
2018-11-29,Rosenborg,Celtic
2018-11-29,Bordeaux,Slavia Praha
2018-11-29,Zenit Saint Petersburg,FC Copenhagen
2018-11-29,Anderlecht,Spartak Trnava
2018-11-29,Fenerbahce,Dinamo Zagreb
2018-11-29,Qarabag,Sp Lisbon
2018-11-29,Vorskla Poltava,Arsenal
2018-11-29,Milan,F91 Dudelange
2018-11-29,Betis,Olympiakos Piraeus
2018-11-29,Krasnodar,Akhisar Belediye
2018-11-29,Bate Borisov,Videoton FC
2018-11-29,Rangers,Villarreal
2018-11-29,Apollon Limassol,Lazio
2018-11-29,Ein Frankfurt,Marseille
2018-11-29,Malmo FF,Genk
2018-11-29,Sarpsborg 08 FF,Besiktas
2018-11-29,Standard Liege,Sevilla
2018-11-29,FK Jablonec,Rennes
2018-11-29,Chelsea,PAOK
2018-12-13,Rapid Vienna,Rangers
2018-12-13,Villarreal,Spartak Moscow
2018-12-13,Lazio,Ein Frankfurt
2018-12-13,Marseille,Apollon Limassol
2018-12-13,Besiktas,Malmo FF
2018-12-13,Genk,Sarpsborg 08 FF
2018-12-13,Akhisar Belediye,Standard Liege
2018-12-13,Sevilla,Krasnodar
2018-12-13,Dynamo Kyiv,FK Jablonec
2018-12-13,Rennes,FC Astana
2018-12-13,PAOK,Bate Borisov
2018-12-13,Videoton FC,Chelsea
2018-12-13,Olympiakos Piraeus,Milan
2018-12-13,AEK Larnaca,Leverkusen
2018-12-13,Ludogorets,FC Zurich
2018-12-13,Celtic,Red Bull Salzburg
2018-12-13,RB Leipzig,Rosenborg
2018-12-13,FC Copenhagen,Bordeaux
2018-12-13,Slavia Praha,Zenit Saint Petersburg
2018-12-13,Dinamo Zagreb,Anderlecht
2018-12-13,Spartak Trnava,Fenerbahce
2018-12-13,Arsenal,Qarabag
2018-12-13,Sp Lisbon,Vorskla Poltava
2018-12-13,F91 Dudelange,Betis
2019-02-12,Fenerbahce,Zenit Saint Petersburg
2019-02-14,Bate Borisov,Arsenal
2019-02-14,Galatasaray,Benfica
2019-02-14,Krasnodar,Leverkusen
2019-02-14,Lazio,Sevilla
2019-02-14,Olympiakos Piraeus,Dynamo Kyiv
2019-02-14,Rapid Vienna,Inter
2019-02-14,Rennes,Betis
2019-02-14,Slavia Praha,Genk
2019-02-14,Celtic,Valencia
2019-02-14,Club Brugge KV,Red Bull Salzburg
2019-02-14,FC Zurich,Napoli
2019-02-14,Malmo FF,Chelsea
2019-02-14,Plzen,Dinamo Zagreb
2019-02-14,Shakhtar Donetsk,Ein Frankfurt
2019-02-14,Sp Lisbon,Villarreal
2019-02-20,Sevilla,Lazio
2019-02-21,Arsenal,Bate Borisov
2019-02-21,Dinamo Zagreb,Plzen
2019-02-21,Ein Frankfurt,Shakhtar Donetsk
2019-02-21,Napoli,FC Zurich
2019-02-21,Red Bull Salzburg,Club Brugge KV
2019-02-21,Valencia,Celtic
2019-02-21,Villarreal,Sp Lisbon
2019-02-21,Zenit Saint Petersburg,Fenerbahce
2019-02-21,Leverkusen,Krasnodar
2019-02-21,Benfica,Galatasaray
2019-02-21,Chelsea,Malmo FF
2019-02-21,Dynamo Kyiv,Olympiakos Piraeus
2019-02-21,Genk,Slavia Praha
2019-02-21,Inter,Rapid Vienna
2019-02-21,Betis,Rennes
2019-03-07,Dinamo Zagreb,Benfica
2019-03-07,Ein Frankfurt,Inter
2019-03-07,Rennes,Arsenal
2019-03-07,Sevilla,Slavia Praha
2019-03-07,Zenit Saint Petersburg,Villarreal
2019-03-07,Chelsea,Dynamo Kyiv
2019-03-07,Napoli,Red Bull Salzburg
2019-03-07,Valencia,Krasnodar
2019-03-14,Dynamo Kyiv,Chelsea
2019-03-14,Krasnodar,Valencia
2019-03-14,Red Bull Salzburg,Napoli
2019-03-14,Arsenal,Rennes
2019-03-14,Benfica,Dinamo Zagreb
2019-03-14,Inter,Ein Frankfurt
2019-03-14,Slavia Praha,Sevilla
2019-03-14,Villarreal,Zenit Saint Petersburg
2019-04-11,Arsenal,Napoli
2019-04-11,Benfica,Ein Frankfurt
2019-04-11,Slavia Praha,Chelsea
2019-04-11,Villarreal,Valencia
2019-04-18,Chelsea,Slavia Praha
2019-04-18,Ein Frankfurt,Benfica
2019-04-18,Napoli,Arsenal
2019-04-18,Valencia,Villarreal
2019-05-02,Ein Frankfurt,Chelsea
2019-05-02,Arsenal,Valencia
2019-05-09,Chelsea,Ein Frankfurt
2019-05-09,Valencia,Arsenal
2019-05-29,Chelsea,Arsenal
